{
    "test48": {
        "onsets": []
    },
    "test49": {
        "onsets": [
            7.848344671201814,
            9.810430839002267,
            10.820498866213152,
            11.80734693877551,
            12.817414965986394,
            13.339863945578232,
            13.815873015873017,
            15.336780045351475,
            15.789569160997733
        ]
    },
    "test03": {
        "onsets": [
            1.2190476190476192,
            1.811156462585034,
            3.215963718820862,
            3.599092970521542,
            3.8080725623582765,
            4.20281179138322,
            4.388571428571429,
            4.783310657596372,
            5.410249433106576,
            6.199727891156463,
            6.397097505668934,
            6.617687074829932,
            6.8034467120181406,
            7.035646258503402,
            7.430385487528345,
            7.825124716553288,
            8.231473922902495,
            8.40562358276644,
            8.835192743764173,
            9.253151927437642,
            10.042630385487529,
            10.193560090702947,
            10.866938775510205
        ]
    },
    "test17": {
        "onsets": [
            0.18575963718820862,
            3.378503401360544,
            3.680362811791383
        ]
    },
    "test16": {
        "onsets": [
            0.9171882086167801,
            5.491519274376417,
            8.266303854875284,
            8.40562358276644,
            8.591383219954649,
            9.113832199546485,
            9.601451247165533
        ]
    },
    "test02": {
        "onsets": [
            3.4597732426303853,
            4.063492063492063,
            4.6439909297052155,
            5.2477097505668935,
            6.606077097505669,
            7.209795918367347,
            7.9760544217687075,
            8.568163265306122,
            10.147120181405896,
            10.89015873015873,
            11.075918367346938,
            12.271746031746032,
            12.445895691609977,
            12.45750566893424,
            12.631655328798185,
            12.852244897959183,
            13.444353741496599,
            13.827482993197279,
            14.40798185941043
        ]
    },
    "test14": {
        "onsets": [
            0.313469387755102,
            0.3250793650793651,
            0.6733786848072563,
            1.7414965986394557,
            7.082086167800454,
            7.441995464852607,
            8.150204081632653,
            8.301133786848073
        ]
    },
    "test28": {
        "onsets": [
            0.301859410430839,
            0.603718820861678,
            1.0565079365079366,
            1.497687074829932,
            2.043356009070295,
            2.2175056689342405,
            2.786394557823129,
            3.076643990929705,
            4.632380952380952,
            5.23609977324263,
            6.965986394557823,
            7.2562358276643995,
            8.126984126984127,
            8.695873015873016,
            9.264761904761905
        ]
    },
    "test29": {
        "onsets": [
            1.0797278911564625,
            1.6602267573696146,
            1.7763265306122449,
            2.507755102040816,
            4.829750566893424,
            6.965986394557823,
            7.395555555555555,
            8.161814058956915,
            8.301133786848073,
            8.591383219954649,
            9.462131519274376,
            9.752380952380953
        ]
    },
    "test01": {
        "onsets": [
            17.101496598639457
        ]
    },
    "test15": {
        "onsets": [
            0.06965986394557823,
            0.4992290249433107,
            0.9287981859410431,
            1.7182766439909296,
            2.6586848072562357,
            3.2856235827664397,
            3.4133333333333336,
            3.4829931972789114,
            4.725260770975057,
            6.15328798185941,
            6.5712471655328795,
            7.035646258503402,
            8.661043083900227,
            9.079002267573696,
            9.229931972789116,
            9.880090702947847
        ]
    },
    "test39": {
        "onsets": [
            1.3699773242630386,
            7.465215419501134,
            10.042630385487529,
            12.26013605442177,
            12.701315192743763,
            13.339863945578232,
            14.361541950113379,
            16.91573696145125,
            17.902585034013605,
            19.67891156462585,
            19.736961451247165,
            24.961451247165535
        ]
    },
    "test11": {
        "onsets": [
            1.5673469387755101,
            4.725260770975057,
            5.468299319727891,
            5.6540589569161,
            6.397097505668934
        ]
    },
    "test05": {
        "onsets": [
            9.822040816326531,
            10.832108843537416,
            11.818956916099774,
            13.351473922902494,
            14.837551020408164,
            15.348390022675737
        ]
    },
    "test04": {
        "onsets": [
            2.426485260770975,
            3.866122448979592,
            5.305759637188209,
            11.15718820861678,
            12.213696145124716,
            12.620045351473923
        ]
    },
    "test10": {
        "onsets": [
            3.610702947845805,
            5.50312925170068,
            6.072018140589569,
            6.664126984126984,
            6.8034467120181406
        ]
    },
    "test38": {
        "onsets": [
            3.912562358276644,
            4.3769614512471655,
            5.7817687074829935,
            10.170340136054422,
            11.319727891156463,
            16.69514739229025,
            18.773333333333333,
            20.654149659863947,
            21.59455782312925,
            22.04734693877551,
            27.434376417233562,
            30.696780045351474
        ]
    },
    "test06": {
        "onsets": [
            0.7546485260770975,
            2.9257142857142857,
            3.2856235827664397,
            7.6741950113378685
        ]
    },
    "test12": {
        "onsets": [
            1.8808163265306121
        ]
    },
    "test13": {
        "onsets": [
            1.9969160997732427,
            2.4729251700680273,
            3.4481632653061225,
            5.143219954648526,
            5.38702947845805,
            6.1184580498866215,
            6.362267573696145,
            7.337505668934241,
            8.057324263038549,
            8.301133786848073,
            9.520181405895691
        ]
    },
    "test07": {
        "onsets": []
    },
    "test22": {
        "onsets": [
            0.12770975056689343,
            0.4992290249433107,
            0.6501587301587302,
            1.1493877551020408,
            1.5209070294784581,
            2.5425850340136056,
            2.716734693877551,
            3.575873015873016,
            4.295691609977324,
            5.6656689342403626,
            7.058866213151927,
            7.174965986394557
        ]
    },
    "test36": {
        "onsets": [
            0.22058956916099773,
            1.5905668934240362,
            2.066575963718821,
            3.93578231292517,
            5.363809523809524,
            9.763990929705216
        ]
    },
    "test37": {
        "onsets": [
            3.4017233560090703
        ]
    },
    "test23": {
        "onsets": [
            3.5874829931972787,
            4.702040816326531,
            6.559637188208617,
            7.801904761904762,
            9.05578231292517
        ]
    },
    "test35": {
        "onsets": [
            1.3003174603174603,
            4.504671201814059,
            9.1718820861678
        ]
    },
    "test21": {
        "onsets": [
            1.7647165532879818,
            8.904852607709751,
            9.659501133786849
        ]
    },
    "test09": {
        "onsets": [
            1.8692063492063493,
            8.811972789115647
        ]
    },