{
    "test48": {
        "tempo": [
            129.19921875,
            103.359375
        ]
    },
    "test49": {
        "tempo": [
            79.50721153846153,
            120.18531976744185
        ]
    },
    "test03": {
        "tempo": [
            99.38401442307692,
            147.65625
        ]
    },
    "test17": {
        "tempo": [
            86.1328125,
            172.265625
        ]
    },
    "test16": {
        "tempo": [
            86.1328125,
            172.265625
        ]
    },
    "test02": {
        "tempo": [
            101.33272058823529,
            151.99908088235293
        ]
    },
    "test14": {
        "tempo": [
            114.84375,
            172.265625
        ]
    },
    "test28": {
        "tempo": [
            139.6748310810811,
            103.359375
        ]
    },
    "test29": {
        "tempo": [
            68.90625,
            103.359375
        ]
    },
    "test01": {
        "tempo": [
            68.90625,
            135.99917763157896
        ]
    },
    "test15": {
        "tempo": [
            191.40625,
            95.703125
        ]
    },
    "test39": {
        "tempo": [
            117.45383522727273,
            156.60511363636363
        ]
    },
    "test11": {
        "tempo": [
            87.5926906779661,
            178.20581896551724
        ]
    },
    "test05": {
        "tempo": [
            79.50721153846153,
            120.18531976744185
        ]
    },
    "test04": {
        "tempo": [
            82.03125,
            166.70866935483872
        ]
    },
    "test10": {
        "tempo": [
            198.76802884615384,
            86.1328125
        ]
    },
    "test38": {
        "tempo": [
            64.599609375,
            129.19921875
        ]
    },
    "test06": {
        "tempo": [
            132.51201923076923,
            89.10290948275862
        ]
    },
    "test12": {
        "tempo": [
            63.02400914634146,
            126.04801829268293
        ]
    },
    "test13": {
        "tempo": [
            61.5234375,
            123.046875
        ]
    },
    "test07": {
        "tempo": [
            87.5926906779661,
            172.265625
        ]
    },
    "test22": {
        "tempo": [
            114.84375,
            172.265625
        ]
    },
    "test36": {
        "tempo": [
            64.599609375,
            129.19921875
        ]
    },
    "test37": {
        "tempo": [
            92.28515625,
            184.5703125
        ]
    },
    "test23": {
        "tempo": [
            95.703125,
            191.40625
        ]
    },
    "test35": {
        "tempo": [
            93.96306818181819,
            139.6748310810811
        ]
    },
    "test21": {
        "tempo": [
            86.1328125,
            172.265625
        ]
    },
    "test09": {
        "tempo": [
            86.1328125,
            172.265625
        ]
    },
    "test08": {
        "tempo": [
            64.599609375,
            129.19921875
        ]
    },
    "test20": {
        "tempo": [
            86.1328125,
            172.265625
        ]
    },
    "test34": {
        "tempo": [
            74.89809782608695,
            112.34714673913044
        ]
    },
    "test18": {
        "tempo": [
            72.78829225352112,
            84.72079918032787
        ]
    },
    "test30": {
        "tempo": [
            83.35433467741936,
            123.046875
        ]
    },
    "test24": {
        "tempo": [
            65.41732594936708,
            89.10290948275862
        ]
    },
    "test25": {
        "tempo": [
            67.11647727272727,
            132.51201923076923
        ]
    },
    "test31": {
        "tempo": [
            117.45383522727273,
            87.5926906779661
        ]
    },
    "test19": {
        "tempo": [
            89.10290948275862,
            178.20581896551724
        ]
    },
    "test27": {
        "tempo": [
            129.19921875,
            63.802083333333336
        ]
    },
    "test33": {
        "tempo": [
            74.89809782608695,
            112.34714673913044
        ]
    },
    "test32": {
        "tempo": [
            99.38401442307692,
            198.76802884615384
        ]
    },
    "test26": {
        "tempo": [
            68.90625,
            103.359375
        ]
    },
    "test41": {
        "tempo": [
            172.265625,
            86.1328125
        ]
    },
    "test40": {
        "tempo": [
            73.828125,
            109.95678191489361
        ]
    },
    "test42": {
        "tempo": [
            132.51201923076923,
            99.38401442307692
        ]
    },
    "test43": {
        "tempo": [
            66.25600961538461,
            166.70866935483872
        ]
    },
    "test47": {
        "tempo": [
            63.02400914634146,
            90.66611842105263
        ]
    },
    "test46": {
        "tempo": [
            92.28515625,
            62.26468373493976
        ]
    },
    "test44": {
        "tempo": [
            109.95678191489361,
            166.70866935483872
        ]
    },
    "test50": {
        "tempo": [
            63.802083333333336,
            191.40625
        ]
    },
    "test45": {
        "tempo": [
            114.84375,
            172.265625
        ]
    }
}